RunAcc,Strain,BioSample,Center,Experiment,Project,Organism,FileBase
COCSP-2006-xx-CL-USA-xxxx-038-BB_S39_L008,COCSP-2006,,TGEN-NORTH,,,Coccidioides immitis,_R[12]_001.fastq.gz
COCSP-3505-uu-CL-USA-xxxx-037-BB_S36_L007,COCSP-3505,,TGEN-NORTH,,,Coccidioides immitis,_R[12]_001.fastq.gz
COCSP-8945-xx-CL-USA-xxxx-037-xx_S17,COCSP-8945,,TGEN-NORTH,,,Coccidioides immitis,_R[12]_001.fastq.gz
NACVFR_Cocci_3377_S84_L008,1M0,,TGEN-NORTH,,,Coccidioides immitis,_R[12]_001.fastq.gz
NACVFR_Cocci_2395_S23_L003,21SD,,TGEN-NORTH,,,Coccidioides immitis,_R[12]_001.fastq.gz
NACVFR_Cocci_3474_S36_L004,3M3,,TGEN-NORTH,,,Coccidioides immitis,_R[12]_001.fastq.gz
NACVFR_Cocci_3475_S59_L006,4M3,,TGEN-NORTH,,,Coccidioides immitis,_R[12]_001.fastq.gz
NACVFR_Cocci_3698_S38_L004,4SD,,TGEN-NORTH,,,Coccidioides immitis,_R[12]_001.fastq.gz
NACVFR_Cocci_3703_S39_L004,5SD,,TGEN-NORTH,,,Coccidioides immitis,_R[12]_001.fastq.gz
SRR21204731,A391,SAMN30501238,CDC,SRX17215468,PRJNA472474,Coccidioides immitis,_[12].fastq.gz
SRR21204720,A432,SAMN30501239,CDC,SRX17215479,PRJNA472475,Coccidioides immitis,_[12].fastq.gz
SRR21204709,A502-1,SAMN30501240,CDC,SRX17215490,PRJNA472476,Coccidioides immitis,_[12].fastq.gz
SRR21204698,A502-2,SAMN30501241,CDC,SRX17215501,PRJNA472477,Coccidioides immitis,_[12].fastq.gz
B0727-Argentina_S1_L001,B0727_Argentina,SAMN04901238,TGEN-NORTH,SRX1737472,PRJNA274372,Coccidioides immitis,_R[12]_001.fastq.gz
SRR21295067,B11002,SAMN30559916,CDC,SRX17304164,PRJNA472503,Coccidioides immitis,_[12].fastq.gz
SRR8530936,B11019,SAMN09242016,CDC,SRX5334255,PRJNA472461,Coccidioides immitis,_[12].fastq.gz
SRR8530937,B11034,SAMN09242015,CDC,SRX5334254,PRJNA472461,Coccidioides immitis,_[12].fastq.gz
SRR8530933,B11035,SAMN09242017,CDC,SRX5334258,PRJNA472462,Coccidioides immitis,_[12].fastq.gz
SRR21204687,B11057,SAMN30501242,CDC,SRX17215512,PRJNA472478,Coccidioides immitis,_[12].fastq.gz
SRR7206606,B11080,SAMN09242018,CDC,SRX4115604,PRJNA472463,Coccidioides immitis,_[12].fastq.gz
SRR8530934,B11198,SAMN09242019,CDC,SRX5334257,PRJNA472464,Coccidioides immitis,_[12].fastq.gz
SRR21295063,B11343,SAMN30559920,CDC,SRX17304168,PRJNA472504,Coccidioides immitis,_[12].fastq.gz
SRR8530935,B11517,SAMN09242021,CDC,SRX5334256,PRJNA472465,Coccidioides immitis,_[12].fastq.gz
SRR7206604,B11518,SAMN09242022,CDC,SRX4115606,PRJNA472466,Coccidioides immitis,_[12].fastq.gz
SRR7206605,B11587,SAMN09242023,CDC,SRX4115605,PRJNA472467,Coccidioides immitis,_[12].fastq.gz
SRR7206602,B11863,SAMN09242024,CDC,SRX4115608,PRJNA472468,Coccidioides immitis,_[12].fastq.gz
SRR7206603,B11873,SAMN09242025,CDC,SRX4115607,PRJNA472469,Coccidioides immitis,_[12].fastq.gz
SRR21204724,B12219,SAMN30501253,CDC,SRX17215475,PRJNA472479,Coccidioides immitis,_[12].fastq.gz
SRR21204723,B12220,SAMN30501254,CDC,SRX17215476,PRJNA472480,Coccidioides immitis,_[12].fastq.gz
SRR7206600,B12398,SAMN09242026,CDC,SRX4115610,PRJNA472470,Coccidioides immitis,_[12].fastq.gz
SRR7206601,B12495,SAMN09242027,CDC,SRX4115609,PRJNA472471,Coccidioides immitis,_[12].fastq.gz
SRR7206598,B12496,SAMN09242028,CDC,SRX4115612,PRJNA472472,Coccidioides immitis,_[12].fastq.gz
SRR21204713,B12526,SAMN30501263,CDC,SRX17215486,PRJNA472481,Coccidioides immitis,_[12].fastq.gz
SRR7206599,B13956,SAMN09242029,CDC,SRX4115611,PRJNA472473,Coccidioides immitis,_[12].fastq.gz
SRR21204705,B14131,SAMN30501270,CDC,SRX17215494,PRJNA472482,Coccidioides immitis,_[12].fastq.gz
SRR21204704,B14132,SAMN30501271,CDC,SRX17215495,PRJNA472483,Coccidioides immitis,_[12].fastq.gz
SRR21204703,B14133,SAMN30501272,CDC,SRX17215496,PRJNA472513,Coccidioides immitis,_[12].fastq.gz
SRR21204701,B14135,SAMN30501274,CDC,SRX17215498,PRJNA472484,Coccidioides immitis,_[12].fastq.gz
SRR21204700,B14286,SAMN30501275,CDC,SRX17215499,PRJNA472485,Coccidioides immitis,_[12].fastq.gz
SRR21204699,B14288,SAMN30501276,CDC,SRX17215500,PRJNA472486,Coccidioides immitis,_[12].fastq.gz
SRR21204697,B14291,SAMN30501277,CDC,SRX17215502,PRJNA472487,Coccidioides immitis,_[12].fastq.gz
SRR21204695,B14298,SAMN30501279,CDC,SRX17215504,PRJNA472488,Coccidioides immitis,_[12].fastq.gz
SRR21204694,B15142,SAMN30501280,CDC,SRX17215505,PRJNA472489,Coccidioides immitis,_[12].fastq.gz
SRR21204693,B15145,SAMN30501281,CDC,SRX17215506,PRJNA472490,Coccidioides immitis,_[12].fastq.gz
SRR21204692,B15146,SAMN30501282,CDC,SRX17215507,PRJNA472491,Coccidioides immitis,_[12].fastq.gz
SRR21204691,B15257,SAMN30501283,CDC,SRX17215508,PRJNA472492,Coccidioides immitis,_[12].fastq.gz
SRR21204690,B15317,SAMN30501284,CDC,SRX17215509,PRJNA472493,Coccidioides immitis,_[12].fastq.gz
SRR21204689,B15368,SAMN30501285,CDC,SRX17215510,PRJNA472494,Coccidioides immitis,_[12].fastq.gz
SRR21204684,B16338,SAMN30501289,CDC,SRX17215515,PRJNA472495,Coccidioides immitis,_[12].fastq.gz
SRR21204683,B16339,SAMN30501290,CDC,SRX17215516,PRJNA472496,Coccidioides immitis,_[12].fastq.gz
SRR21204682,B16364,SAMN30501291,CDC,SRX17215517,PRJNA472497,Coccidioides immitis,_[12].fastq.gz
SRR21204680,B16536,SAMN30501293,CDC,SRX17215519,PRJNA472498,Coccidioides immitis,_[12].fastq.gz
SRR21204679,B16692,SAMN30501294,CDC,SRX17215520,PRJNA472499,Coccidioides immitis,_[12].fastq.gz
SRR21204677,B17554,SAMN30501296,CDC,SRX17215522,PRJNA472500,Coccidioides immitis,_[12].fastq.gz
SRR21204675,B17567,SAMN30501297,CDC,SRX17215524,PRJNA472501,Coccidioides immitis,_[12].fastq.gz
SRR21204674,B17635,SAMN30501298,CDC,SRX17215525,PRJNA472502,Coccidioides immitis,_[12].fastq.gz
Coccidioides_spp_CA1_CGATGTTT-CGATGTTT_L003,CA1,,TGEN-NORTH,,,Coccidioides immitis,_R[12]_001.fastq.gz
NACVFR_Cocci_CA10_S40_L004,CA10,,,,,Coccidioides immitis,_R[12]_001.fastq.gz
Coccidioides_spp_CA14_TACCGAGC-TACCGAGC_L003,CA14,,TGEN-NORTH,,,Coccidioides immitis,_R[12]_001.fastq.gz
NACVFR_Cocci_CA15_S1_L001,CA15,,TGEN-NORTH,,,Coccidioides immitis,_R[12]_001.fastq.gz
NACVFR_Cocci_CA17_S11_L002,CA17,,TGEN-NORTH,,,Coccidioides immitis,_R[12]_001.fastq.gz
Coccidioides_spp_CA2_ACTTGATG-ACTTGATG_L003,CA2,,TGEN-NORTH,,,Coccidioides immitis,_R[12]_001.fastq.gz
Coccidioides_spp_CA20_GTGTGTCG-GTGTGTCG_L004,CA20,,TGEN-NORTH,,,Coccidioides immitis,_R[12]_001.fastq.gz
Coccidioides_spp_CA22_GCAACATT-GCAACATT_L008,CA22,,TGEN-NORTH,,,Coccidioides immitis,_R[12]_001.fastq.gz
NACVFR_Cocci_CA23_S64_L006,CA23,,TGEN-NORTH,,,Coccidioides immitis,_R[12]_001.fastq.gz
NACVFR_Cocci_CA24_S2_L001,CA24,,TGEN-NORTH,,,Coccidioides immitis,_R[12]_001.fastq.gz
NACVFR_Cocci_CA25_S51_L005,CA25,,TGEN-NORTH,,,Coccidioides immitis,_R[12]_001.fastq.gz
Coccidioides_spp_CA26_TGTTCTCC-TGTTCTCC_L002,CA26,,TGEN-NORTH,,,Coccidioides immitis,_R[12]_001.fastq.gz
COCSP-CA27-uu-CL-USA-xxxx-037-BB_S69_L004,CA27,,TGEN-NORTH,,,Coccidioides immitis,_R[12]_001.fastq.gz
Coccidioides_spp_CA28_GCATGGCT-GCATGGCT_L005,CA28,,TGEN-NORTH,,,Coccidioides immitis,_R[12]_001.fastq.gz
NACVFR_Cocci_CA29_S12_L002,CA29,,TGEN-NORTH,,,Coccidioides immitis,_R[12]_001.fastq.gz
NACVFR_Cocci_CA3_S24_L003,CA3,,TGEN-NORTH,,,Coccidioides immitis,_R[12]_001.fastq.gz
NACVFR_Cocci_CA30_S41_L004,CA30,,TGEN-NORTH,,,Coccidioides immitis,_R[12]_001.fastq.gz
Coccidioides_spp_CA4_TCGTTAGC-TCGTTAGC_L005,CA4,,TGEN-NORTH,,,Coccidioides immitis,_R[12]_001.fastq.gz
NACVFR_Cocci_CA5_S13_L002,CA5,,TGEN-NORTH,,,Coccidioides immitis,_R[12]_001.fastq.gz
Coccidioides_spp_CA6_GTACATCT-GTACATCT_L007,CA6,,TGEN-NORTH,,,Coccidioides immitis,_R[12]_001.fastq.gz
Coccidioides_spp_CA7_GATAGAGG-GATAGAGG_L006,CA7,,TGEN-NORTH,,,Coccidioides immitis,_R[12]_001.fastq.gz
NACVFR_Cocci_CA8_S14_L002,CA8,,TGEN-NORTH,,,Coccidioides immitis,_R[12]_001.fastq.gz
NACVFR_Cocci_CA9_S65_L006,CA9,,TGEN-NORTH,,,Coccidioides immitis,_R[12]_001.fastq.gz
Coccidioides-spp-202_S1_L001,CDC-202,SAMN02786851,TGEN-NORTH,SRX547026,PRJNA245906,Coccidioides immitis,_R[12]_001.fastq.gz
Coccidioides-spp-205_S2_L001,CDC-205,SAMN02786852,TGEN-NORTH,SRX547027,PRJNA245906,Coccidioides immitis,_R[12]_001.fastq.gz
Coccidioides-spp-212_S4_L001,CDC-212,SAMN02786854,TGEN-NORTH,SRX547029,PRJNA245906,Coccidioides immitis,_R[12]_001.fastq.gz
TGC0654_S2_L001,Coahuila_1,SAMN04901237,TGEN-NORTH,SRX1737471,PRJNA274372,Coccidioides immitis,_R[12]_001.fastq.gz
Coccidioides_spp_GT-100_ACTTGATG-ACTTGATG_L004,GT-100,,TGEN-NORTH,,,Coccidioides immitis,_R[12]_001.fastq.gz
COCSP-GT104-uu-CL-USA-xxxx-037-BB_S54_L003,GT-104,,TGEN-NORTH,,,Coccidioides immitis,_R[12]_001.fastq.gz
COCSP-GT105-uu-CL-USA-xxxx-037-BB_S55_L003,GT-105,,TGEN-NORTH,,,Coccidioides immitis,_R[12]_001.fastq.gz
COCSP-GT107-uu-CL-USA-xxxx-037-BB_S57_L003,GT-107,,TGEN-NORTH,,,Coccidioides immitis,_R[12]_001.fastq.gz
COCSP-GT108-uu-CL-USA-xxxx-037-BB_S93_L005,GT-108,,TGEN-NORTH,,,Coccidioides immitis,_R[12]_001.fastq.gz
Coccidioides_spp_GT-109_TGCGATCT-TAGTCTTG_L005,GT-109,,TGEN-NORTH,,,Coccidioides immitis,_R[12]_001.fastq.gz
NACVFR_Cocci_GT110_S44_L004,GT-110,,TGEN-NORTH,,,Coccidioides immitis,_R[12]_001.fastq.gz
COCSP-GT111-uu-CL-USA-xxxx-037-BB_S59_L003,GT-111,,TGEN-NORTH,,,Coccidioides immitis,_R[12]_001.fastq.gz
NACVFR_Cocci_GT113_S52_L005,GT-113,,TGEN-NORTH,,,Coccidioides immitis,_R[12]_001.fastq.gz
COCSP-GT114-uu-CL-USA-xxxx-037-BB_S22_L007,GT-114,,TGEN-NORTH,,,Coccidioides immitis,_R[12]_001.fastq.gz
COCSP-GT116-uu-CL-USA-xxxx-037-BB_S61_L004,GT-116,,TGEN-NORTH,,,Coccidioides immitis,_R[12]_001.fastq.gz
Coccidioides_spp_GT-117_TCTCACGG-TCTCACGG_L005,GT-117,,TGEN-NORTH,,,Coccidioides immitis,_R[12]_001.fastq.gz
Coccidioides_spp_GT-118_TAGTCTTG-TGCGATCT_L007,GT-118,,TGEN-NORTH,,,Coccidioides immitis,_R[12]_001.fastq.gz
NACVFR_Cocci_GT119_S76_L007,GT-119,,TGEN-NORTH,,,Coccidioides immitis,_R[12]_001.fastq.gz
Coccidioides_spp_GT-121_TAGTGACT-TCGAGCGT_L003,GT-121,,TGEN-NORTH,,,Coccidioides immitis,_R[12]_001.fastq.gz
Coccidioides_spp_GT-122_TCAGATTC-TCAGATTC_L001,GT-122,,TGEN-NORTH,,,Coccidioides immitis,_R[12]_001.fastq.gz
Coccidioides_spp_GT-123_TAAGTTCG-TAAGTTCG_L002,GT-123,,TGEN-NORTH,,,Coccidioides immitis,_R[12]_001.fastq.gz
COCSP-GT125-uu-CL-USA-xxxx-037-BB_S95_L005,GT-125,,TGEN-NORTH,,,Coccidioides immitis,_R[12]_001.fastq.gz
COCSP-GT126-uu-CL-USA-xxxx-037-BB_S23_L007,GT-126,,TGEN-NORTH,,,Coccidioides immitis,_R[12]_001.fastq.gz
Coccidioides_spp_GT-127_TAAGCGTT-TAAGCGTT_L001,GT-127,,TGEN-NORTH,,,Coccidioides immitis,_R[12]_001.fastq.gz
COCSP-GT128-uu-CL-USA-xxxx-037-BB_S62_L004,GT-128,,TGEN-NORTH,,,Coccidioides immitis,_R[12]_001.fastq.gz
Coccidioides_spp_GT-129_GTTGTCGG-GTTGTCGG_L003,GT-129,,TGEN-NORTH,,,Coccidioides immitis,_R[12]_001.fastq.gz
COCSP-GT132-uu-CL-USA-xxxx-037-BB_S64_L004,GT-132,,TGEN-NORTH,,,Coccidioides immitis,_R[12]_001.fastq.gz
Coccidioides_spp_GT-133_TCATTGAG-TCATTGAG_L004,GT-133,,TGEN-NORTH,,,Coccidioides immitis,_R[12]_001.fastq.gz
COCSP-GT140-uu-CL-USA-xxxx-037-BB_S24_L007,GT-140,,TGEN-NORTH,,,Coccidioides immitis,_R[12]_001.fastq.gz
Coccidioides_spp_GT-146_TACTTCGG-TACTTCGG_L002,GT-146,,TGEN-NORTH,,,Coccidioides immitis,_R[12]_001.fastq.gz
Coccidioides_spp_GT-147_TACAGGAT-TGATACGT_L002,GT-147,,TGEN-NORTH,,,Coccidioides immitis,_R[12]_001.fastq.gz
Coccidioides_spp_GT-156_TCCGTCTT-TCCGTCTT_L001,GT-156,,TGEN-NORTH,,,Coccidioides immitis,_R[12]_001.fastq.gz
NACVFR_Cocci_GT163_S88_L008,GT-163,,TGEN-NORTH,,,Coccidioides immitis,_R[12]_001.fastq.gz
COCSP-GT167-uu-CL-USA-xxxx-037-BB_S12_L006,GT-167,,TGEN-NORTH,,,Coccidioides immitis,_R[12]_001.fastq.gz
Coccidioides_spp_GT-169_GGATTAGG-GGATTAGG_L006,GT-169,,TGEN-NORTH,,,Coccidioides immitis,_R[12]_001.fastq.gz
Coccidioides-immitis-TGC0643_TCATTGAG_L002,Guerrero_1,SAMN04901234,TGEN-NORTH,SRX1737468,PRJNA274372,Coccidioides immitis,_R[12]_001.fastq.gz
COCSP-h5384-uu-CL-USA-xxxx-037-BB_S28_L007,h5384,SAMN12110397,TGEN-NORTH,,,Coccidioides immitis,_R[12]_001.fastq.gz
COCSP-M204-xx-CL-MEX-2015-037-xx_S39,M204,,TGEN-NORTH,,,Coccidioides immitis,_R[12]_001.fastq.gz
SRR3468020,Michoacan_2,SAMN04901236,TGEN-NORTH,SRX1737470,PRJNA274372,Coccidioides immitis,_[12].fastq.gz
COCSP-RS-xx-CL-USA-xxxx-037-BB_S40,RS,,TGEN-NORTH,,,Coccidioides immitis,_R[12]_001.fastq.gz
Coccidioides-immitis-TGC0645_TGTACCTT_L004,San_Diego_1,SAMN04901235,TGEN-NORTH,SRX1737469,PRJNA274372,Coccidioides immitis,_R[12]_001.fastq.gz
COCSP-SDVA1-xx-xx-USA-0000-037-BB_S24,SDVA1,,TGEN-NORTH,,,Coccidioides immitis,_R[12]_001.fastq.gz
COCSP-SDVA10-xx-xx-USA-0000-037-BB_S29,SDVA10,,TGEN-NORTH,,,Coccidioides immitis,_R[12]_001.fastq.gz
COCSP-SDVA14-xx-xx-USA-0000-037-BB_S30,SDVA14,,TGEN-NORTH,,,Coccidioides immitis,_R[12]_001.fastq.gz
COCSP-SDVA15-xx-xx-USA-0000-037-BB_S39,SDVA15,,TGEN-NORTH,,,Coccidioides immitis,_R[12]_001.fastq.gz
COCSP-SDVA16-xx-xx-USA-0000-037-BB_S31,SDVA16,,TGEN-NORTH,,,Coccidioides immitis,_R[12]_001.fastq.gz
COCSP-SDVA17-xx-xx-USA-0000-037-BB_S32,SDVA17,,TGEN-NORTH,,,Coccidioides immitis,_R[12]_001.fastq.gz
COCSP-SDVA2-xx-xx-USA-0000-037-BB_S37,SDVA2,,TGEN-NORTH,,,Coccidioides immitis,_R[12]_001.fastq.gz
COCSP-SDVA20-xx-xx-USA-0000-037-BB_S33,SDVA20,,TGEN-NORTH,,,Coccidioides immitis,_R[12]_001.fastq.gz
COCSP-SDVA25-xx-xx-USA-0000-037-BB_S34,SDVA25,,TGEN-NORTH,,,Coccidioides immitis,_R[12]_001.fastq.gz
COCSP-SDVA26-xx-xx-USA-0000-037-BB_S35,SDVA26,,TGEN-NORTH,,,Coccidioides immitis,_R[12]_001.fastq.gz
COCSP-SDVA27-xx-xx-USA-0000-037-BB_S36,SDVA27,,TGEN-NORTH,,,Coccidioides immitis,_R[12]_001.fastq.gz
COCSP-SDVA3-xx-xx-USA-0000-037-BB_S38,SDVA3,,TGEN-NORTH,,,Coccidioides immitis,_R[12]_001.fastq.gz
COCSP-SDVA36-xx-xx-USA-0000-037-BB_S42,SDVA36,,TGEN-NORTH,,,Coccidioides immitis,_R[12]_001.fastq.gz
COCSP-SDVA38-xx-xx-USA-0000-037-BB_S44,SDVA38,,TGEN-NORTH,,,Coccidioides immitis,_R[12]_001.fastq.gz
COCSP-SDVA39-xx-xx-USA-0000-037-BB_S45,SDVA39,,TGEN-NORTH,,,Coccidioides immitis,_R[12]_001.fastq.gz
COCSP-SDVA4-xx-xx-USA-0000-037-BB_S25,SDVA4,,TGEN-NORTH,,,Coccidioides immitis,_R[12]_001.fastq.gz
COCSP-SDVA41-xx-xx-USA-0000-037-BB_S46,SDVA41,,TGEN-NORTH,,,Coccidioides immitis,_R[12]_001.fastq.gz
COCSP-SDVA42-xx-xx-USA-0000-037-BB_S47,SDVA42,,TGEN-NORTH,,,Coccidioides immitis,_R[12]_001.fastq.gz
COCSP-SDVA44-xx-xx-USA-0000-037-BB_S40,SDVA44,,TGEN-NORTH,,,Coccidioides immitis,_R[12]_001.fastq.gz
COCSP-SDVA45-xx-xx-USA-0000-037-BB_S48,SDVA45,,TGEN-NORTH,,,Coccidioides immitis,_R[12]_001.fastq.gz
COCSP-SDVA47-xx-xx-USA-0000-037-BB_S49,SDVA47,,TGEN-NORTH,,,Coccidioides immitis,_R[12]_001.fastq.gz
COCSP-SDVA48-xx-xx-USA-0000-037-BB_S50,SDVA48,,TGEN-NORTH,,,Coccidioides immitis,_R[12]_001.fastq.gz
COCSP-SDVA5-xx-xx-USA-0000-037-BB_S26,SDVA5,,TGEN-NORTH,,,Coccidioides immitis,_R[12]_001.fastq.gz
COCSP-SDVA6-xx-xx-USA-0000-037-BB_S27,SDVA6,,TGEN-NORTH,,,Coccidioides immitis,_R[12]_001.fastq.gz
COCSP-SDVA7-xx-xx-USA-0000-037-BB_S28,SDVA7,,TGEN-NORTH,,,Coccidioides immitis,_R[12]_001.fastq.gz
COCSP-SDVA8-xx-xx-USA-0000-037-BB_S41,SDVA8,,TGEN-NORTH,,,Coccidioides immitis,_R[12]_001.fastq.gz
Coccidioides-immitis-TGC0593_TAGCTTGT_L004,SJV_1,SAMN04901223,TGEN-NORTH,SRX1737465,PRJNA274372,Coccidioides immitis,_R[12]_001.fastq.gz
TGC0606_S1_L001,SJV_10,SAMN04901232,TGEN-NORTH,SRX1737531,PRJNA274372,Coccidioides immitis,_R[12]_001.fastq.gz
Coccidioides-immitis-TGC0607_GATCAGCG_L005,SJV_11,SAMN04901233,TGEN-NORTH,SRX1737467,PRJNA274372,Coccidioides immitis,_R[12]_001.fastq.gz
Coccidioides-immitis-TGC0595_CAGATCTG_L001,SJV_2,SAMN04901224,TGEN-NORTH,SRX1737466,PRJNA274372,Coccidioides immitis,_R[12]_001.fastq.gz
SRR3468027,SJV_3,SAMN04901225,TGEN-NORTH,SRX1737477,PRJNA274372,Coccidioides immitis,_[12].fastq.gz
Coccidioides-immitis-TGC0598_CGATGTTT_L004,SJV_4,SAMN04901226,TGEN-NORTH,SRX1737488,PRJNA274372,Coccidioides immitis,_R[12]_001.fastq.gz
Coccidioides-immitis-TGC0599_TGCGATCT_L001,SJV_5,SAMN04901227,TGEN-NORTH,SRX1737499,PRJNA274372,Coccidioides immitis,_R[12]_001.fastq.gz
Coccidioides-immitis-TGC0600_TTCCTGCT_L001,SJV_6,SAMN04901228,TGEN-NORTH,SRX1737510,PRJNA274372,Coccidioides immitis,_R[12]_001.fastq.gz
Coccidioides-immitis-TGC0601_GCCAATGT_L004,SJV_7,SAMN04901229,TGEN-NORTH,SRX1737521,PRJNA274372,Coccidioides immitis,_R[12]_001.fastq.gz
Coccidioides-immitis-TGC0604_ACAGTGGT_L004,SJV_8,SAMN04901230,TGEN-NORTH,SRX1737529,PRJNA274372,Coccidioides immitis,_R[12]_001.fastq.gz
Coccidioides-immitis-TGC0605_ATCACGTT_L005,SJV_9,SAMN04901231,TGEN-NORTH,SRX1737530,PRJNA274372,Coccidioides immitis,_R[12]_001.fastq.gz
COCSP-VFC0432008-uu-CL-USA-xxxx-037-BB_S72_L004,VFC043,,TGEN-NORTH,,,Coccidioides immitis,_R[12]_001.fastq.gz
COCSP-VFC0522267-uu-CL-USA-xxxx-037-BB_S71_L004,VFC052,,TGEN-NORTH,,,Coccidioides immitis,_R[12]_001.fastq.gz
SRR1292227,WA_211,SAMN02786853,TGEN-NORTH,SRX547028,PRJNA245906,Coccidioides immitis,_[12].fastq.gz
WA221-Washington_S7_L001,WA_221,SAMN30558251,TGEN-NORTH,SRX17301859,PRJNA274372,Coccidioides immitis,_R[12]_001.fastq.gz
Washington_S3_L001,Washington_1,SAMN02786850,TGEN-NORTH,SRX547025,PRJNA245906,Coccidioides immitis,_R[12]_001.fastq.gz
